traj,i,split,gyro,acc,n_win,speed,vx,vy,vz,acc_std,gyr_std,ax,ay
drone_train_0000,0,train,+x+y+z,+x+y+z,60,0.26533872,0.1049507,-0.04672598,0.04329048,5.35717333946246,0.13559165452574834,-3.62061722273007,0.316518482044184
drone_train_0001,1,train,+x+y+z,+x+y+z,60,0.58960205,0.056373943,0.007644053,0.008297645,5.3580517436301465,0.17482463897962333,-3.2627105917806425,-0.0520508380656441
drone_train_0002,2,train,+x+y+z,+x+y+z,60,0.48268962,-0.050098278,0.15405259,-0.0005826848,5.34557273342413,0.13414240075724454,-3.207928193906943,-0.047492788958673676
drone_train_0003,3,train,+x+y+z,+x+y+z,60,0.3478249,0.12478073,-0.09469465,0.055680715,5.461793565046115,0.15396408812986723,-4.111602818047007,0.2515616839683304
drone_train_0004,4,train,+x+y+z,+x+y+z,60,0.5432066,0.030875681,0.036610525,-0.01701177,5.354279455014017,0.15537711617344754,-3.265792877177397,-0.04670893773421024
drone_train_0005,5,train,+x+y+z,+x+y+z,29,0.6675954,-0.18579039,0.1535798,-0.0105427485,5.361706005826196,0.12006772640692061,-3.2294243313014652,-0.06015547279620392
drone_train_0006,6,train,+x+y+z,+x+y+z,29,0.43441296,0.20612046,-0.19629705,0.090187,5.30252253641833,0.16331304834475857,-3.1015127703438115,0.3148357557194197
drone_train_0007,7,train,+x+y+z,+y-x+z,18,1.2772373,0.060091905,0.15597673,0.13457146,5.396508049824565,0.1691792350553949,-3.31609855152017,-0.039735380835051286
drone_train_0008,8,train,+x+y+z,+y-x+z,19,1.0508164,0.009993175,0.4563367,0.042362496,5.422201441911826,0.26036105984992786,-3.314199678728423,-0.12789506028751432
drone_train_0009,9,train,+x+y+z,+x+y+z,19,0.6453572,-0.013957776,0.5234672,-0.023542348,5.413004274404606,0.20131012914908744,-3.188782991370466,-0.06766207385325679
drone_train_0010,10,train,+x+y+z,+x+y+z,60,0.3242514,0.053420264,-0.057839904,0.035809726,5.3557255561735495,0.20411565446333613,-3.3055779112667465,-0.009447753872722387
drone_train_0011,11,train,+x+y+z,+x+y+z,60,0.50909543,0.20772408,-0.021409953,0.08612826,5.362284666251278,0.17946838627443382,-3.3011220143316313,-0.011471056293230504
drone_train_0012,12,train,+x+y+z,+x+y+z,23,0.3644788,0.17123865,0.20018405,0.018225173,5.374601085350808,0.20886928606719246,-3.30401463524959,-0.07687704470914036
drone_train_0013,13,train,+x+y+z,+x+y+z,60,0.92293715,0.19862372,0.11749713,0.0982192,5.434133493690057,0.38767950047735583,-3.3583336009598956,-0.030773812574024003
drone_train_0014,14,train,+x+y+z,+x-y+z,23,0.8728578,0.39691395,0.059573572,0.14776357,5.434968547455792,0.3640005520244075,-3.391589909655617,-0.02549381246631767
drone_train_0015,15,train,+x+y+z,+x+y+z,60,0.32320073,0.16149178,0.04571128,0.05564903,5.349938740145625,0.202427423746835,-3.113206170247247,-0.02557969319742794
drone_train_0016,16,train,+x+y+z,+x+y+z,52,0.32880294,0.10051419,0.061127063,0.028307501,5.354168964787824,0.19038799167079593,-3.0974217596119984,-0.028265625555426454
drone_train_0017,17,train,+x+y+z,+x+y+z,60,0.7658142,0.22011153,-0.042391013,0.101247914,5.417367382472247,0.42298160566614373,-3.2151694506940744,0.006829242192829649
drone_train_0018,18,train,+x+y+z,+x-y+z,55,0.6721479,0.14496358,0.07862094,0.04244503,5.402949319695549,0.38607469692612156,-3.1684209591558656,0.016143962123599826
drone_train_0019,19,train,+x+y+z,-x-y+z,49,5.6224604,4.8822837,-1.6926011,0.9320404,5.60566190099081,0.7994119427969196,-0.30830768580766066,-0.16590741935044556
drone_train_0020,20,train,+x+y+z,+x-y+z,49,5.622445,4.6785274,-2.2290585,0.8443005,6.160940721354045,0.8058867499162563,-1.2661061415252755,0.4727967582769594
drone_train_0021,21,train,+x+y+z,-z+x-y,30,6.907088,5.579155,-1.98755,1.5390604,6.693743239112519,1.0156977043154483,-0.7023600492014668,0.04839737118323613
drone_train_0022,22,train,+x+y+z,+x-y+z,30,6.9063625,5.2172165,-2.8630073,1.4220414,7.262778295547842,1.0218757012877362,-1.5600691149691455,0.727295072764804
drone_train_0023,23,train,+x+y+z,-y-z-x,60,4.7433553,1.3653113,1.4804478,0.8705153,6.569126686693339,1.2382831100846834,0.3552029477897231,-1.6382863992298273
drone_train_0024,24,train,+x+y+z,-z-y-x,60,4.7433176,1.4137084,1.4664651,0.8148949,7.104730734898422,1.2394645782983296,-0.5163343589617289,-0.9302939874385096
drone_train_0025,25,train,+x+y+z,+x-y+z,28,4.318123,3.4281359,-0.4435136,0.71937114,5.23570795748506,0.5659860181394324,0.18201764466363102,-0.754050543525545
drone_train_0026,26,train,+x+y+z,+x-y+z,28,4.318268,3.413258,-0.5947736,0.68116677,6.050413166422418,0.5719941505675796,-0.835811610303871,-0.12997293298746576
drone_train_0027,27,train,+x+y+z,+x-y+z,29,4.350755,3.3610501,-0.27334267,0.69789416,5.323529631649183,0.6060806077116162,0.1816092689736288,-0.8508839753068816
drone_train_0028,28,train,+x+y+z,+x-y+z,29,4.350923,3.3572726,-0.40295494,0.6531442,6.132613179142351,0.6115210220416742,-0.8297683097616417,-0.23123408160251063
drone_train_0029,29,train,+x+y+z,+x-y+z,49,4.2039175,2.3316424,-1.2762944,2.9767241,5.572832244458403,0.5290041529299782,-6.709166223399159,-0.0844542354982098
drone_train_0030,30,train,+x+y+z,+x-y+z,49,4.2039165,3.6439536,-1.5519878,0.48918772,5.295840902131983,0.5288665630464557,-0.8233642673497978,0.3760695272891631
drone_train_0031,31,train,+x+y+z,+x-y+z,43,3.8163352,2.067987,-1.5440384,2.5626378,5.4743378241831815,0.4680898600087093,-6.551114364621926,-0.24600287503748514
drone_train_0032,32,train,+x+y+z,+x-y+z,43,3.8163452,3.2466455,-1.5941868,0.38155767,5.1653104993331755,0.46461516087391275,-0.7262178941423655,0.35256679929255313
drone_train_0033,33,train,+x+y+z,+x-y+z,37,4.304206,2.320233,-1.3899702,3.0613525,5.599960482761767,0.5211829498416949,-6.8683082210075606,-0.16755483546638
drone_train_0034,34,train,+x+y+z,+x-y+z,37,4.303813,3.6953437,-1.659545,0.5237335,5.269379840343615,0.5271223570983448,-0.83966196932315,0.4738136115645217
drone_train_0035,35,train,+x+y+z,+x-z-y,37,5.834057,2.7312927,-2.0672727,4.140098,6.515336283118434,0.7146679651182408,-8.066792643247425,0.07516913462066539
drone_train_0036,36,train,+x+y+z,+x-y+z,36,5.8347225,4.6659756,-2.4719093,0.9994882,6.085220181637264,0.7678782292148528,-1.1728680800619293,0.8191871431958238
drone_train_0037,37,train,+x+y+z,+z-y-x,60,7.8852787,5.663626,-0.80202645,2.013792,5.613650091145561,0.5163842653451461,0.5527445023135515,-0.7689604418775962
drone_train_0038,38,train,+x+y+z,+z-y-x,25,7.922249,5.4668727,-1.5770063,1.9568671,5.571925178473459,0.5755812170646752,0.5839902517047958,-0.4988734588888798
drone_train_0039,39,train,+x+y+z,+x-y+z,60,7.8854675,5.707995,-0.94222,1.8186618,6.602435447466791,0.5171225853557996,-1.7869730059513993,-0.008244740482788377
drone_train_0040,40,train,+x+y+z,-z-y-x,25,7.92234,5.489358,-1.7129252,1.7715852,6.61760479534513,0.5767338735797133,-1.7132280920446632,0.26428939120559536
drone_train_0041,41,train,+x+y+z,+x-y+z,19,6.561074,2.3812094,-0.94913524,4.3562803,6.170950964914977,0.5529229149464671,-7.568675975347644,-0.3793050326685127
drone_train_0042,42,train,+x+y+z,+x-y+z,20,6.5604806,4.7678246,-0.6043665,1.5609182,6.733859830761112,0.5888507183142302,-1.587510855793138,0.07294749058738943
drone_train_0043,43,train,-y-x-z,-y+x+z,60,0.18397905,0.010759046,-0.063586794,-0.00031592307,4.570811559540408,0.0798893467616478,-0.04283191399984912,0.15749840465929354
drone_train_0044,44,train,-y-x-z,-y-x+z,60,0.17633918,-0.015306407,-0.033995625,0.0393398,4.554966680065572,0.03431349404476548,-0.04803494020564995,0.17462411120298263
drone_train_0045,45,train,-y-x-z,+x+y+z,60,0.21501453,-0.00489858,0.021792237,-0.0210326,4.551824002035373,0.09899433690202046,-0.03443941840773061,0.16572615976681784
drone_train_0046,46,train,-y-x-z,-y+x+z,27,0.32756478,0.03293377,0.16975297,-0.04529951,4.6513924120396215,0.2492115698455914,-0.04692684338291571,0.16530587414996054
drone_train_0047,47,train,-y-x-z,-y-x+z,60,0.32814333,-0.013725079,-0.065965615,0.025627812,4.56386139902672,0.12695209942434973,-0.03357528988135194,0.1583359957197704
drone_train_0048,48,train,-y-x-z,-y-x+z,60,0.44563597,0.017556032,0.018846333,-0.0073676985,4.555000364943717,0.04002226537649222,-0.03652272802545576,0.16698772740828394
drone_train_0049,49,train,-y-x-z,-y-x+z,60,0.67286146,-0.0027695606,0.027715622,0.014039337,4.55262050725218,0.048104289316696455,-0.04602778995384589,0.18844112237984972
drone_train_0050,50,train,-y-x-z,-y-x+z,20,0.65350026,-0.032797623,0.05868465,-0.13580899,4.669304813819806,0.24545919889595474,-0.05153359818908923,0.13952551437369892
drone_train_0051,51,train,-y-x-z,-y-x+z,60,0.70794225,-0.015947925,-0.017567627,-0.0030882785,4.572276077436401,0.24871953698393945,-0.05167715420607298,0.177059906097046
drone_train_0052,52,train,-y-x-z,-y-x+z,60,1.2424098,-0.044096496,-0.06218667,0.014617287,4.589090698242829,0.14409394008057644,-0.015900050412529405,0.1708815328805916
drone_train_0053,53,train,-y-x-z,-y-x+z,60,0.6839259,-0.027041517,0.009180832,-0.032470234,4.561967340004183,0.06644438187003546,-0.05066230738657214,0.1890170000519704
drone_train_0054,54,train,-y-x-z,-y-x+z,24,0.4558374,-0.009079469,0.038991634,-0.026956081,4.611388602329098,0.12231533940694715,-0.03248906440681259,0.15366199541728043
drone_train_0055,55,train,-y-x-z,-y+x+z,60,0.52034897,0.07737733,-0.10341252,0.0125620635,4.586628295247565,0.333937545359423,0.09100642847136002,0.01883966655011568
drone_train_0056,56,train,-x-y-z,+x+y+z,60,0.55662733,0.007126011,-0.12467103,-0.0029609997,4.584898264388696,0.36070372657255056,0.09856747818887865,0.0014193670341998465
drone_train_0057,57,train,+x-y-z,+x+y+z,60,0.55600286,0.02404771,-0.106188245,-0.0038346336,4.585345374667319,0.3614189020175231,0.09238989677567679,0.011692940467726202
drone_train_0058,58,train,-y-x-z,-y-x+z,25,0.4449053,-0.060007196,0.091649406,-0.043487232,4.613782106195499,0.2662790401158925,0.12978927928952488,0.028248658090301602
drone_train_0059,59,train,-y+x-z,+x+y+z,60,0.91743,0.11397756,-0.19585894,0.007693672,4.754387787155375,0.6926985100299164,-0.2595783773487007,0.2058222977325616
drone_train_0060,60,train,-x-y-z,+x+y+z,60,0.9883636,-0.020175308,-0.20876591,-0.009926142,4.7584135978130035,0.7534233856373873,-0.2066329885749195,0.21324916858982154
drone_train_0061,61,train,-x-y-z,+x+y+z,60,0.98246306,0.038370866,-0.17363188,-0.01008815,4.768729254516636,0.7585891962532583,-0.23871761991474705,0.20824285547366406
drone_train_0062,62,train,-y+x-z,+x+y+z,60,0.9810601,0.0535482,-0.20504,-0.01571714,4.779763689907061,0.7335386568247101,-0.26516765871176784,0.1784531625787584
drone_train_0063,63,train,-y-x-z,-y-x+z,19,0.577086,-0.22955619,0.041790858,-0.06419748,4.659622547153869,0.5204929187527042,-0.16774312078621353,0.24774628468002993
drone_train_0064,64,train,-y-x-z,+x+y+z,60,0.4014826,0.017935475,0.020194247,0.015585757,4.595010836258128,0.2327066806543907,-0.0671723379081806,0.06101222010729106
drone_train_0065,65,train,+x+y-z,-y+x+z,60,0.3892408,-0.057424758,0.006066971,0.009720974,4.593874660419925,0.0932736648508428,-0.02705371136891578,-0.033412871182432656
drone_train_0066,66,train,-y-x-z,+x+y+z,60,0.38449684,0.015289129,-0.08228403,-0.011298006,4.59930503040536,0.0938996392998206,-0.1329539341573815,0.04459704232537903
drone_train_0067,67,train,-y-x-z,+x-y+z,27,0.3950806,-0.032614615,0.23952569,-0.036342543,4.68182746829709,0.19195373308122582,-0.2770984570246593,0.21017320484348045
drone_train_0068,68,train,+x+y-z,-x+y+z,60,1.415492,-0.0044197896,0.05014448,0.020021103,4.672288753795504,0.374124921768923,-0.09438176366637041,0.01397814312782441
drone_train_0069,69,train,+y+x-z,+y+x+z,60,1.5736718,-0.012660614,-0.024927815,-0.003055715,4.673458305502515,0.37200312622293213,-0.0533999340805567,0.05090468709797278
drone_train_0070,70,train,+y-x-z,+y-x+z,60,1.5703981,-0.025698029,-0.0039558057,-0.0022201093,4.702289790721726,0.3742074661350751,-0.10190704159982647,-0.029923326172983555
drone_train_0071,71,train,-y-x-z,-x+y+z,16,0.8515946,0.41630203,0.07269045,-0.04611648,4.934607463781297,0.3557466191043495,-0.004130763927817999,0.18311836861261016
drone_train_0072,72,train,-y-x-z,-x-y+z,60,0.2720113,-0.034141954,0.027895696,0.011528847,4.580190484922529,0.18849100219124454,0.019619659158144485,0.07813683022769305
drone_train_0073,73,train,-y-x-z,-y+x+z,60,0.24484053,0.048662588,-0.0026200155,-0.00087072136,4.565203013915253,0.13175463623631692,0.03329157549752623,0.06269121080413
drone_train_0074,74,train,+x-y-z,-x-y+z,60,0.30542204,0.019994207,0.08627781,0.0022516297,4.565917437389807,0.12078754076386602,0.01649258367446085,0.07780968103070608
drone_train_0075,75,train,-y-x-z,-x-y+z,29,0.25919005,0.014658653,0.039056804,-0.020531865,4.629662801396199,0.29219786008976956,-0.028686220868805037,0.08577773211370936
drone_train_0076,76,train,-y-x-z,+x-y+z,60,0.44505388,0.02502506,0.043235213,0.011317136,4.538227081734462,0.21442699885321742,0.03309152402589476,0.06705664614616891
drone_train_0077,77,train,-y-x-z,-x+y+z,59,0.5082162,0.042806774,0.07541103,-0.007972201,4.565000610640225,0.2485280119858056,0.007617167584831529,0.06837796302441078
drone_train_0078,78,train,-y-x-z,+y-x+z,60,1.3823636,0.10456452,0.19254667,0.031675454,4.668326200929866,0.6788213843929816,0.02530116476151185,0.08597833177836886
drone_train_0079,79,train,+y-x-z,+y-x+z,60,1.5583664,0.12088477,0.21172449,0.012673873,4.6961506832770015,0.7810161502398607,0.037931468508343114,0.05340681228271812
drone_train_0080,80,train,+y-x-z,+y-x+z,60,1.6391026,0.08939014,0.2505818,0.027234029,4.721961846980054,0.7766043164062223,-0.04704846123923259,0.0682622848956283
drone_train_0081,81,train,-y-x-z,-y-x+z,19,1.0051879,0.095797665,0.26331082,-0.033782575,4.7085082167676395,0.6202189207132766,0.12011112973839869,0.08926490019438077
drone_train_0082,82,train,+y-x-z,+y-x+z,60,1.7915374,0.105608135,0.2280455,0.030177236,4.942722126100403,1.069372420466442,-0.033383805440277685,0.03832723758307778
drone_train_0083,83,train,+y-x-z,+y-x+z,60,2.1568458,0.04920592,0.48174572,0.060494497,5.000653292092321,1.1553432260877454,0.02714646343391117,0.09248869245636827
drone_train_0084,84,train,+y-x-z,+y-x+z,60,2.105997,0.10082824,0.33858365,0.036704265,4.989695751135068,1.1795235247363434,0.027388915297059915,0.11599721738063574
drone_train_0085,85,train,+y-x-z,+y-x+z,19,1.2757696,-0.13481161,0.28535995,0.019180993,4.918231361108079,0.8014095187389523,0.07478256925929445,0.04836612188431472
drone_train_0086,86,train,-y-x-z,-y-x+z,60,0.8693808,-0.08975663,-0.04262874,0.017262826,4.587480661974306,0.31006016149528376,0.09218468121986007,0.01751005349578615
drone_train_0087,87,train,-x+y-z,-x-y+z,60,0.94586736,0.040316362,0.00022166061,-6.6453875e-05,4.582893948722095,0.3230907212011106,0.12057181999144344,-0.02339596187051969
drone_train_0088,88,train,+y+x-z,+y-x+z,60,0.9356239,0.12788452,0.015181566,-0.009168885,4.584353037225566,0.3252094776209136,0.07379018915397732,0.015955460718771217
drone_train_0089,89,train,+y-x-z,-x+y+z,60,1.4267354,-0.09491738,-0.02467604,0.018394858,4.739524539315695,0.6621970919848499,0.0686766683076628,-0.008113909329495376
drone_train_0090,90,train,-y-x-z,-y-x+z,60,1.9055326,0.10297058,-0.012988492,0.00044142915,4.7638321263718355,0.777042481561635,0.13279781564263007,0.05346368046116004
drone_train_0091,91,train,+y-x-z,+y+x+z,22,1.3641541,0.18291888,0.12639113,-0.0515002,4.748089128346523,0.5959629669103063,0.08330396823609439,-0.08262596335784521
drone_train_0092,92,train,-y-x-z,-x+y+z,60,2.5532117,-0.074680656,-0.035553224,0.019679287,5.448243061390232,1.289801054946821,0.1245552071368843,-0.033579032070339354
drone_train_0093,93,train,-y-x-z,-y+x+z,60,2.889722,0.091900714,-0.0008999812,0.002900229,5.562711798331741,1.3886546483361493,0.10587605778015131,0.0013156512962517204
drone_train_0094,94,train,+x+y-z,-x-y+z,60,2.7019467,-0.011770854,0.015469328,-0.009853302,5.484243325098758,1.3472426954216419,0.07195849115124778,0.045064592673005485
drone_train_0095,95,train,-y-x-z,-x-y+z,60,2.4373796,0.031333733,1.1650523,0.17043869,4.484067263591849,0.2818787588069563,0.05683821625830751,-0.1876575484206193
drone_train_0096,96,train,-y-x-z,-y-x+z,60,2.9163606,-0.043726258,1.6328286,0.21282275,4.46381993850759,0.2863704387372708,0.13868259135092997,-0.16389110198045637
drone_train_0097,97,train,-y-x-z,-y-x+z,60,2.0162556,-0.049075387,1.0372972,0.1068174,4.46281010652979,0.27517754432595254,0.0693189563582182,-0.11839489325601972
drone_train_0098,98,train,+x-y-z,-y-x+z,60,4.3098154,-0.17663456,2.1710703,0.49886572,5.033381821630895,0.6847921533051711,-0.07446695268640807,0.11958943266029201
drone_train_0099,99,train,+x-y-z,-y-x+z,60,5.3597302,-0.29609174,2.7148268,0.56907374,5.232552710644228,0.7319715614023589,-0.023749022426607553,-0.06125298557832139
drone_train_0100,100,train,-y-x-z,-y-x+z,48,3.880434,-0.33715555,2.0464783,0.37950322,4.932986161567867,0.6147360627020866,0.013146628557958128,0.14161400496154106
drone_train_0101,101,train,+x-y-z,-y-x+z,60,5.6464367,-0.57562166,2.8184068,0.6840135,5.6113453638325606,0.9288219061995483,-0.09028825351127208,0.12249420364945399
drone_train_0102,102,train,+x-y-z,-y-x+z,60,6.1162076,-0.7438442,3.0928724,0.74419224,5.763614127220887,0.9466521898924204,-0.006632403054900351,-0.1159991649423949
drone_train_0103,103,train,-y-x-z,+y-x+z,17,2.915538,-0.5564206,1.6724582,0.12422135,4.952959913003729,0.6565060535061854,0.009732972543884184,0.5148208295796026
drone_train_0104,104,train,-y-x-z,+x+y+z,60,0.19672117,0.007532645,-0.052186258,0.0167553,4.580245672778415,0.23672871879371365,-0.04337716206399663,0.15981887909839135
drone_train_0105,105,train,-y-x-z,-y-x+z,60,0.1694596,-0.0037744269,-0.04183807,-0.0005129327,4.555237957456357,0.036652263765365026,-0.050700536209567264,0.1769371629076116
drone_train_0106,106,train,-y-x-z,-y-x+z,60,0.21434557,-0.011302138,0.010087585,-0.00046819545,4.5484130907409,0.039650141008251684,-0.03840536592547434,0.16977061603774146
drone_train_0107,107,train,-y-x-z,+x-y+z,26,0.32554582,0.032685257,0.20549153,-0.04184737,4.686489622799929,0.1646372523069534,-0.0484732723497209,0.15990907200035634
drone_train_0108,108,train,-y-x-z,-y-x+z,60,0.33769447,-0.0044700317,-0.08684832,0.014161517,4.5553185520740165,0.06632462461520655,-0.03660337909556423,0.16220786127912226
drone_train_0109,109,train,-y-x-z,-y-x+z,60,0.4606628,-0.0029476644,-0.00038559976,-0.0030482512,4.550058302728579,0.04526620699192849,-0.03553436546385789,0.1688229268583409
drone_train_0110,110,train,-y-x-z,+x+y+z,23,0.5497507,0.02427993,0.14012001,-0.070686854,4.704504424025548,0.19583905699997572,-0.08038448837533624,0.1319445537125736
drone_train_0111,111,train,-y-x-z,-y-x+z,60,0.73040396,0.015687047,-0.02636246,0.009831964,4.597090425955183,0.16868087531455092,-0.04974831255740211,0.15595396379725934
drone_train_0112,112,train,-y-x-z,-y-x+z,60,1.2284641,-0.10180369,-0.10271116,-0.01797713,4.609991481948272,0.13886768229686983,-0.049968626819785186,0.16395248609669943
drone_train_0113,113,train,-y-x-z,-y-x+z,60,0.6439585,0.022150483,0.030466903,-0.0029098631,4.5644231372031605,0.06095893535981341,-0.049675606795547236,0.16453916208877692
drone_train_0114,114,train,-y-x-z,-y-x+z,17,0.6472246,-0.06710456,0.16788384,-0.07946998,4.630155947019482,0.17427473005560798,-0.08438229196142011,0.18348537778117371
drone_train_0115,115,train,-y-x-z,-y-x+z,60,1.3840648,-0.024952136,-0.03754763,-0.013418982,4.730311243599584,0.27270432140068,0.10835577746134246,0.004330904135062762
drone_train_0116,116,train,-y-x-z,-y-x+z,50,1.274409,-0.003154794,0.050569504,-0.03948265,4.674372076337385,0.20091930479390474,0.16886491748080132,0.044520847062016276
drone_train_0117,117,train,-y-x-z,-y-x+z,60,0.66083187,-0.06246521,-0.077807456,0.009623386,4.579140642691568,0.2691106652623383,0.11102493440868541,0.009556754964678097
drone_train_0118,118,train,-x+y-z,-y+x+z,60,0.69690984,-0.0299231,-0.072972715,-0.0049595567,4.577152716057878,0.2745571932776305,0.10184315853814405,-0.00732084853959168
drone_train_0119,119,train,-x+y-z,-y+x+z,60,0.6970279,-0.024475884,-0.07474556,-0.005132959,4.578362926583202,0.2743875282909161,0.10237917420775708,-0.009220742282294548
drone_train_0120,120,train,-y-x-z,-y-x+z,16,0.62065864,0.17958009,0.14631082,-0.05205624,4.638646025951358,0.2835888587265929,0.12955617853081255,-0.04557021520633065
drone_train_0121,121,train,-y-x-z,-y-x+z,60,0.97039825,-0.06347491,-0.122440815,0.0023536072,4.609086877232992,0.3998039183079078,0.09135988548168658,-0.001424112404261147
drone_train_0122,122,train,-x+y-z,-y-x+z,60,1.0387731,-0.032675736,-0.09170231,-0.010412752,4.604475749965992,0.41516142153192065,0.10291183414163288,-0.014855069279487603
drone_train_0123,123,train,-x+y-z,-y-x+z,60,1.0898038,-0.049982492,-0.11926133,-0.01108754,4.597511458915238,0.41787316505562133,0.13170807531853884,-0.006365668562134791
drone_train_0124,124,train,-y-x-z,-x+y+z,15,0.63351136,0.17202683,0.07854694,-0.058995076,4.648328824707096,0.3134145182088533,0.0866383923243656,0.0230568825029461
drone_train_0125,125,train,-x+y-z,-y-x+z,60,1.9662644,-0.17318983,-0.34133175,-0.032118652,5.062290198326984,0.9354754129213547,0.09478242641490972,-0.007535275676137341
drone_train_0126,126,train,-x+y-z,-y-x+z,60,2.1860104,-0.15620588,-0.38162464,-0.054822683,5.106610558367239,1.009077362208556,0.1518439594870809,-0.01746225845964303
drone_train_0127,127,train,+x+y-z,-y-x+z,60,2.167375,-0.13797387,-0.34945843,-0.054520722,5.103567356515738,1.0141986393422855,0.12341660393440786,0.02545869938937661
drone_train_0128,128,train,-y-x-z,-x-y+z,12,1.2805505,-0.2907914,-0.2767332,-0.06132856,4.975340159217069,0.7621604229186256,-0.12093959050477449,-0.05556640975914176
drone_train_0129,129,train,+x+y-z,-x-y+z,60,2.5568,-0.21918768,-0.3929716,-0.041881982,5.932975553846188,1.6041252501808096,0.05261782796748169,-0.02215066276410774
drone_train_0130,130,train,+x+y-z,-y-x+z,60,2.9187584,-0.19819523,-0.412101,-0.06433008,6.091520794574843,1.689800657785112,0.18867727205555518,0.0007590039510663094
drone_train_0131,131,train,+x+y-z,-x-y+z,60,2.903153,-0.14009596,-0.38683993,-0.07183411,6.117267201561178,1.6869744728037996,0.1105131886160525,-0.02978099675117604
drone_train_0132,132,train,+x+y-z,-x-y+z,13,1.6010789,-0.21201707,-0.29476264,-0.10701681,5.333567605753336,1.2262283286923612,-0.01813275714931386,0.1350601589382829
drone_train_0133,133,train,-y+x-z,+x+y+z,60,0.3198733,-0.018539798,-0.093185015,0.018270446,4.6159734251996465,0.10391395605886185,-0.22202288172366919,0.2087423026258266
drone_train_0134,134,train,+x-y-z,+x+y+z,60,0.27480626,-0.07548961,-0.11189275,-0.0022673244,4.622155982497047,0.08677196943297481,-0.2432002495290717,0.1850693053534363
drone_train_0135,135,train,+x-y-z,+x+y+z,60,0.2448134,0.07415494,-0.07964367,0.00043638516,4.627443613286311,0.09182613960755408,-0.26258968675461136,0.19470070632414302
drone_train_0136,136,train,-y-x-z,+y-x+z,60,0.21869616,0.038549855,-0.017309075,-0.0005496762,4.608332851058574,0.09529486074626568,-0.20801729168254376,0.23031178351697418
drone_train_0137,137,train,-y-x-z,+x-y+z,22,0.34119692,-0.123632446,0.19099323,-0.061167806,4.677530739397979,0.2068975841568428,-0.27349505823743514,0.24421729974977432
drone_train_0138,138,train,-y-x-z,+x+y+z,60,0.5692369,-0.107393146,-0.18323055,0.004800806,4.604732520255454,0.1561588156680159,-0.027054139461154668,0.015954169033610206
drone_train_0139,139,train,-y+x-z,+y+x+z,60,0.44650644,0.10562108,-0.07997693,-0.003931492,4.588910616761902,0.14875062746961892,-0.00867816663854156,0.03886421485125447
drone_train_0140,140,train,-y-x-z,-y+x+z,14,0.57134074,0.030510057,0.16200428,-0.057571065,4.741936911322958,0.46176245319214937,0.0039222884640829625,0.01411415055823552
drone_train_0141,141,train,-y-x-z,+x+y+z,60,1.765066,-0.036626235,-0.4690563,-0.04069042,4.737389903110704,0.5765791470933492,-0.030927763191700555,0.037120275690982654
drone_train_0142,142,train,-x-y-z,+x+y+z,60,2.0675352,0.10664399,-0.55684626,-0.063440725,4.75091028731446,0.6281658674509387,0.0073026480051521505,0.015172725484523955
drone_train_0143,143,train,-y-x-z,+y-x+z,16,1.5165012,0.06855149,0.024549328,-0.05557926,4.797476316455963,0.4190320314705094,-0.07340591672900511,0.008749160681050982
drone_train_0144,144,train,-x-y-z,+x+y+z,60,2.372703,-0.011209651,-0.6906667,-0.07578359,4.943070848067859,0.767979835508608,-0.010504611229114138,0.02875456422961118
drone_train_0145,145,train,-x-y-z,+x+y+z,60,2.5402691,0.21181893,-0.6766163,-0.09377775,4.960629247977339,0.8462914917470238,0.009866312892224718,0.026780369384948547
drone_train_0146,146,train,-y-x-z,+x+y+z,17,1.6171354,-0.08438557,0.03692737,-0.063263886,4.9295121166160545,0.4626322769340563,-0.15750229188805487,-0.023668434755489583
drone_train_0147,147,train,-y-x-z,-x-y+z,60,0.7052557,0.011581638,0.21062663,0.027094292,4.586498089307311,0.28075036913531115,0.07642676326633319,0.006033863016574059
drone_train_0148,148,train,-x+y-z,-x-y+z,60,0.7653594,0.021654187,0.30340502,0.0147672715,4.578336827711565,0.28638033025208226,0.09912551861958233,-0.006650888683765515
drone_train_0149,149,train,-x+y-z,-x-y+z,60,0.756984,-0.008150296,0.27461112,0.011610366,4.572806624827367,0.29231330646349785,0.09373622862312975,0.026169605798982958
drone_train_0150,150,train,-y-x-z,+y-x+z,14,0.587965,0.012870505,0.28032073,-0.058470193,4.648645629743247,0.26847024194592245,0.05302250101852937,-0.003156599005669556
drone_train_0151,151,train,-y-x-z,+y-x+z,60,1.3857231,0.008987877,0.51177806,0.063942075,4.7082723809212315,0.5830257550079013,-0.25080546465352793,0.2072456460907021
drone_train_0152,152,train,-x-y-z,+y-x+z,60,1.500972,-0.007273256,0.5896748,0.047949027,4.70310051803455,0.6034250118332048,-0.19179090897333542,0.21324917592746595
drone_train_0153,153,train,-x-y-z,+y-x+z,60,1.5019325,-0.008445442,0.5932374,0.0487771,4.731926300928312,0.6020059108963219,-0.2615505948740416,0.16983565812265927
drone_train_0154,154,train,-x+y-z,+y-x+z,60,1.504152,-0.0005175832,0.5984956,0.047834564,4.705028690389103,0.5998807174641785,-0.2078613737066003,0.25206807279666343
drone_train_0155,155,train,-y-x-z,+x+y+z,12,0.62499875,-0.03707511,0.33898288,-0.09316023,4.834023353770778,0.44975403001913844,-0.24038527498266382,0.09085497713907197
drone_train_0156,156,train,-y-x-z,-y+x+z,60,2.0661511,-0.17619604,0.90222037,0.09832198,5.046108198488424,1.093720501694067,0.0611698240455565,0.009980108548475404
drone_train_0157,157,train,-x-y-z,-x+y+z,60,2.3579054,-0.3051546,1.0266373,0.10605446,5.097690116068671,1.1259115263957988,0.12026553768625498,0.04875116271684237
drone_train_0158,158,train,-x-y-z,-x-y+z,60,2.3598397,-0.39197358,0.9649507,0.08733657,5.118482031248026,1.0851947897727956,0.11832087821044479,-0.05055179758856563
drone_train_0159,159,train,-y-x-z,-y+x+z,13,1.4970233,-0.15389526,0.6472684,-0.015513092,4.925867628724955,0.8439717660124486,-0.02978548981328149,0.03941773072311001
drone_train_0160,160,train,-y-x-z,-y+x+z,60,2.7177815,-0.524982,0.4637586,0.09687168,5.985158013563789,1.3522544991412826,0.057958512528864956,-0.003468668519489711
drone_train_0161,161,train,+y-x-z,-x-y+z,60,3.2142422,-0.5824392,0.6148872,0.11129491,6.21607601265835,1.3506471081946942,0.09611925604535887,0.00413641931139864
drone_train_0162,162,train,+y-x-z,-x-y+z,60,3.2161882,-0.5606457,0.62436295,0.121812865,6.216382954891316,1.3106025144056834,0.09587709700659616,0.00420719459586932
drone_train_0163,163,train,+y-x-z,-x-y+z,18,1.8208319,-0.18924582,0.43793353,0.015732631,5.398531593672219,0.9654062037668888,0.22416517175057238,0.014651930205691012
drone_train_0164,164,train,-y-x-z,-x-y+z,60,0.58415115,-0.07189966,-0.03987043,0.008835139,4.581981461562832,0.19866135003353083,0.02918740111371987,0.06929803442699047
drone_train_0165,165,train,+x-y-z,-x-y+z,60,0.68172795,-0.023651835,0.032366786,0.001131913,4.586990155234998,0.21261078276729803,-0.014456530143663182,0.05946951417958432
drone_train_0166,166,train,+y-x-z,-x-y+z,60,0.69488966,-0.11267521,0.00024647012,-0.001216402,4.577074221649564,0.199855695100048,0.016414982155272165,0.07188984268761237
drone_train_0167,167,train,-y-x-z,+x-y+z,25,0.64167714,-0.2181428,0.113312684,-0.020232351,4.633939828076729,0.2625927925251245,0.008131465066011683,0.11484563198221945
drone_train_0168,168,train,-y-x-z,-y+x+z,60,1.1824536,-0.12392361,-0.025126282,0.006268684,4.604348380089712,0.40269961601919846,0.039623214162015453,0.07611743191645912
drone_train_0169,169,train,-y+x-z,-y+x+z,60,1.3867464,-0.1350761,0.03038014,-0.00021730724,4.620073882404913,0.42155797600853046,-0.003846536366972335,0.04570170257487204
drone_train_0170,170,train,-y+x-z,-y+x+z,60,1.3601757,-0.076686114,0.0756733,0.0032675448,4.6256243854376935,0.42533315830092666,-0.041117679491492407,0.07071646571664193
drone_train_0171,171,train,-y-x-z,-x+y+z,16,0.92767155,0.111880206,-0.1119586,-0.037555613,4.736726289033489,0.5391063015631355,0.08032291783447477,0.08319804347065644
drone_train_0172,172,train,-y+x-z,-y+x+z,60,2.0371385,-0.2848495,0.030309035,0.016826214,5.021992116627771,1.0280397498518492,0.007830098379399866,0.08700762560189242
drone_train_0173,173,train,+y+x-z,-y+x+z,60,2.6936874,-0.2712308,-0.012928055,-0.016689401,5.213904318401051,1.2033405468744296,-0.03255212643658706,0.07273056341161736
drone_train_0174,174,train,+y+x-z,-y+x+z,60,2.6899467,-0.4184087,-0.0647379,-0.015304306,5.208602623541864,1.1740370008528351,-0.02082568453681597,0.05896736403959252
drone_train_0175,175,train,-x-y-z,-y+x+z,22,1.8264939,-0.32919055,-0.10906633,0.00066486886,4.99208962989628,0.9370141255581977,0.14157382548835482,0.03746593578528095
drone_train_0176,176,train,-y-x-z,-y-x+z,60,0.49075243,0.0011714045,-0.09783234,0.014668123,4.566598285477545,0.07501558895129454,0.04893246180359286,0.025693387174333112
drone_train_0177,177,train,-y-x-z,-y-x+z,60,0.5585859,0.036304902,0.022761928,-0.0009532357,4.567130607936784,0.04315355777575335,0.05012870358414466,0.02519409749919017
drone_train_0178,178,train,-y-x-z,-y-x+z,60,0.5108052,-0.04615934,0.061956443,0.0016670544,4.570556167967469,0.042087845782649555,0.058651049157955264,0.020000322606973896
drone_train_0179,179,train,-y-x-z,-y-x+z,15,0.59701395,0.029186688,0.05273447,-0.08118733,4.681509378106571,0.21573899728629917,0.03855604786523039,0.06643289626037345
drone_train_0180,180,train,-y-x-z,-y-x+z,60,1.8307272,-0.015304179,-0.14049953,0.015047441,4.909460712383663,0.35157378355003416,0.07010702438681377,-0.03688484532505936
drone_train_0181,181,train,-y-x-z,-y-x+z,60,2.0813544,-0.035725713,0.10523239,-0.013154327,4.989467962108227,0.38014234727438073,0.03812266073081446,0.07502465803989859
drone_train_0182,182,train,-y-x-z,-y-x+z,60,2.2017999,-0.034219272,-0.061898783,-0.020020718,5.0014408616097485,0.3903605185224759,0.06088392999553859,0.07353520370906336
drone_train_0183,183,train,-y+z-x,-z-x+y,22,0.94502616,0.08746942,-0.0045065247,-0.05356271,4.892851029085613,0.928664358634626,0.03693687062501754,0.0329933578324899
drone_train_0184,184,train,-y-x+z,-y-x+z,60,2.4526198,-0.017201375,-0.037874594,-0.009057081,5.438839998644722,0.6152245167040233,0.05856278543550919,0.09779502372065327
drone_train_0185,185,train,-y-x-z,-y-x+z,60,2.5479538,0.04772021,0.0020393676,-0.0077738077,5.48296787309113,0.6392797746469385,0.08005766939207873,0.09058742057855125
drone_train_0186,186,train,-y-x-z,-y-x+z,60,2.6332774,-0.022046417,0.004304265,-0.005702409,5.487799581408079,0.6536910670975468,0.24044060851702428,0.10660277698384016
drone_train_0187,187,train,-y-x+z,-y-x+z,60,2.6438613,-0.009818222,-0.006048874,-0.00038405863,5.5532919080012535,0.659101000821621,0.08629253864220421,0.04415499775785065
drone_train_0188,188,train,-y-x-z,-y-x+z,14,1.0023528,-0.16867949,0.20268528,-0.059053108,4.85519591575839,0.387431990924589,-0.11567170275683293,0.326218303424274
drone_train_0189,189,train,-y+x-z,-y+x+z,60,0.5236265,0.044367824,-0.2609715,0.009226497,4.58821075966946,0.16359905035141453,0.05877874897870538,0.02568476873775141
drone_train_0190,190,train,+y-x-z,-y+x+z,60,0.5070794,-0.03011265,-0.14981623,-0.0046764924,4.580721603679452,0.16274369488613943,0.059567224796724036,0.04024899991507239
drone_train_0191,191,train,+x+y-z,-y+x+z,60,0.5227147,-0.0019912617,-0.17152983,-0.005199892,4.582717052977627,0.16361398629784848,0.07359684803658281,0.028414482562784543
drone_train_0192,192,train,+y+x-z,-y+x+z,60,0.5311261,-0.027226979,-0.19233346,-0.0056338185,4.585265423438717,0.15404788057845883,0.06568471929105124,0.035960621475098375
drone_train_0193,193,train,-y-x-z,+y-x+z,26,0.3974386,0.2049645,0.10537265,-0.04817232,4.643577108924096,0.22462578863694815,0.07858768166282745,0.027997473681222834
drone_train_0194,194,train,-y-x-z,-y+x+z,60,0.86715156,-0.07320068,-0.33964068,-0.0076404694,4.604860382266082,0.303613612362844,-0.011512187567655322,0.03622680812697672
drone_train_0195,195,train,-x-y-z,-y+x+z,60,1.0178373,-0.04240984,-0.34395713,-0.017283661,4.617695645772798,0.29824060266165897,-0.07185449500528526,0.011787814449429182
drone_train_0196,196,train,+y+x-z,-y+x+z,60,0.9994977,0.08936604,-0.4112443,-0.020508591,4.6032228995029865,0.3045738531741693,-0.00023277010228821382,0.005945034744763688
drone_train_0197,197,train,-z-x+y,-z+x-y,35,0.588915,-0.1663507,-0.08562921,-0.018846894,5.0704763844568035,1.0807514138796215,-0.055030215736632075,-0.010350093890996863
drone_train_0198,198,train,-y+x-z,-y+x+z,60,1.6728448,-0.03891583,-0.66083324,-0.047937352,4.730055046674929,0.6217436997816096,-0.043630837991776084,0.018232147021445447
drone_train_0199,199,train,-y+x-z,-y+x+z,60,2.0274653,-0.29771426,-0.6381399,-0.058397166,4.751360912894287,0.7350442906075269,0.005895211778368927,0.06295653035486369
drone_train_0200,200,train,-y+x-z,-y+x+z,60,2.0154715,-0.060780007,-0.6992469,-0.07220272,4.773755287377569,0.7343194240696205,-0.031043925325872503,-0.030446911389992844
drone_train_0201,201,train,+x+y-z,-y+x+z,23,1.4181327,0.15717186,-0.10906998,-0.053055096,4.769352493693852,0.5509520576127835,-0.11141977636428298,0.05936682768791637
drone_train_0202,202,train,-y+x-z,-y+x+z,60,2.1047792,-0.1454201,-0.69769955,-0.075806305,4.901277799207981,0.9254124931863087,-0.020450770020303027,0.004869850231970607
drone_train_0203,203,train,-y+x-z,-y+x+z,60,2.5138423,-0.4438977,-0.72653335,-0.10432302,4.981308393206245,1.0658882234799396,-0.0019987508637592933,-0.0022341141082712662
drone_train_0204,204,train,-y+x-z,-y+x+z,60,2.5502982,-0.33160838,-0.7600153,-0.106684014,4.981575768270403,1.087469863251009,-0.0442150838345971,0.10816533130007641
drone_train_0205,205,train,-y-x-z,+y+x+z,19,1.5009372,-0.50308174,-0.2820702,-0.066952184,5.016396459790752,0.9248731789507573,-0.15949401477886607,-0.07835262826056837
drone_train_0206,206,train,-y-x-z,-y+x+z,60,0.71931154,-0.076019615,-0.26731825,0.012199134,4.573131375167158,0.1805912259356761,0.0984652782227901,0.01725265068172646
drone_train_0207,207,train,-x+y-z,-y-x+z,60,0.7640443,-0.13087581,-0.11446234,-0.0035143343,4.568975535902776,0.19859331438078606,0.11500271497011,-0.012498409707921383
drone_train_0208,208,train,-y-x-z,+x-y+z,60,0.7610286,-0.085669905,-0.26610985,-0.023494514,4.564347876921598,0.18197095249757692,0.10684977750023704,0.014978341680250348
drone_train_0209,209,train,-y-x-z,-x+y+z,18,0.6903332,0.22713327,-0.07041743,-0.036006246,4.624315677196961,0.24237019165634324,0.07582038804260255,-0.005858545719714737
drone_train_0210,210,train,-y-x-z,-y+x+z,60,1.419987,-0.21664408,-0.40962127,-0.0017524515,4.636789934138487,0.36042965274142097,0.07875127436109809,-0.010120017263821864
drone_train_0211,211,train,-y+x-z,+x-y+z,60,1.5483357,-0.20335065,-0.41747788,-0.015120475,4.622776957033048,0.38297226512494237,0.12882754028477816,-0.008509274594876236
drone_train_0212,212,train,-y+x-z,-y-x+z,60,1.5381027,-0.20086509,-0.4139595,-0.03331595,4.6327504005901625,0.38705896703931286,0.0747870641557741,0.03251183307996022
drone_train_0213,213,train,-y-x-z,+x+y+z,13,0.8743143,-0.29550475,0.11794796,-0.074637964,4.591042487719864,0.3287277124159513,0.1933439799975423,-0.01248117173579061
drone_train_0214,214,train,-y+x-z,+y+x+z,60,2.7219844,-0.3312008,-0.75694203,-0.037958182,5.299011737988953,1.0099714623242293,0.10656723169197964,0.060129120837511055
drone_train_0215,215,train,-y+x-z,+y+x+z,60,3.113105,-0.39186865,-0.79117006,-0.07712501,5.463645381201425,1.1252045478570478,0.14750271225500167,-0.06746412699812314
drone_train_0216,216,train,-y+x-z,+y+x+z,60,3.1033912,-0.37725505,-0.8574252,-0.06929089,5.44026473316544,1.1333386604284277,0.007240721905446359,0.054958040005672955
drone_train_0217,217,train,+x+y-z,+y+x+z,13,1.9153415,0.055535425,-0.8083314,-0.17228214,5.058913541762995,0.7783037515129373,0.2672496508139388,-0.1466170783304564
drone_train_0218,218,train,-y-x-z,+x+y+z,60,0.6861341,-0.03985968,-0.04149689,0.010021592,4.6002388912394,0.24770433030943867,-0.005446694987391766,0.03312437274444801
drone_train_0219,219,train,+y+x-z,+y+x+z,60,0.7037581,-0.00016360982,-0.03636968,-0.0030875101,4.602989227601401,0.20532736116279618,-0.033459737927288305,0.00994084985478806
drone_train_0220,220,train,-y-x-z,-y-x+z,20,0.693304,-0.06371268,0.080499664,-0.043684233,4.667075018764128,0.18264140148605482,0.004863883179743377,0.010924652819125089
drone_train_0221,221,train,-y-x-z,+x-y+z,60,1.2250768,-0.031512775,-0.12614569,-0.0001414903,4.644026899547506,0.38786347577031904,-0.048889323228796154,0.029590658428775896
drone_train_0222,222,train,+x-y-z,+y+x+z,60,1.4379935,-0.029458538,-0.06556417,-0.0035552012,4.646423051039303,0.4360933310546351,0.0059316639628147335,-0.013717696590701963
drone_train_0223,223,train,-y-x-z,-y-x+z,22,0.9978031,-0.19239917,0.20405,-0.03648263,4.6434910206080025,0.3274508886689698,-0.010852090714251151,0.0883057153513239
drone_train_0224,224,train,+y-x-z,+y+x+z,60,1.730426,-0.09080583,-0.12185622,0.0019181204,4.952540178278221,0.9620566685967663,-0.014641927049637161,-0.032434353104067594
drone_train_0225,225,train,+x-y-z,+y-x+z,60,2.7506516,0.0031652807,-0.18660568,-0.034792833,5.178526905688166,1.2155208750345596,-0.022931134265236325,0.12643887896290107
drone_train_0226,226,train,-y-x-z,+x-y+z,34,1.9161482,-0.029681344,-0.11580104,-0.05945707,5.026145804681941,1.094788109983266,-0.010249589897787676,-0.07037361097038405
drone_train_0227,227,train,-y-x-z,-y-x+z,60,0.28400037,-0.041838337,0.023363408,0.018228145,4.619323855442147,0.12912577836718112,-0.12072924277198535,0.03247630603455112
drone_train_0228,228,train,-y-x-z,+x+y+z,60,0.23313217,0.020386357,-0.071808696,0.0009999787,4.596833759687909,0.07840424135685059,-0.052883515767346276,0.03014819848180116
drone_train_0229,229,train,-x-y-z,+x+y+z,60,0.26962999,-0.057352956,0.076516785,-0.001692631,4.608312354385689,0.08138642653031708,-0.05140310666534394,-0.020158563187124657
drone_train_0230,230,train,-y-x-z,-y-x+z,23,0.28319302,-0.026343044,0.13115862,-0.05486482,4.69611491736066,0.1811904776299295,-0.33046172088124665,0.15355868208118054
drone_train_0231,231,train,-y-x-z,-y-x+z,60,0.48887455,-0.0038556876,-0.07171018,0.019369982,4.603627702898047,0.16850739415203375,-0.09060805804367494,0.07002535775171903
drone_train_0232,232,train,+y+x-z,+x+y+z,60,0.49388388,-0.04407367,-0.002644745,-0.0016468503,4.629560090199835,0.13910120929362313,-0.08773732457051149,-0.061707749898873926
drone_train_0233,233,train,-x-y-z,+x+y+z,60,0.5280797,-0.0658317,0.01411972,0.00013844045,4.598391118744875,0.14485232150629784,-0.06669717381467369,0.054404660949079094
drone_train_0234,234,train,-y-x-z,-x+y+z,16,0.6198627,-0.19638008,0.07143303,-0.07343598,4.718443665291951,0.3025377435403139,0.007718601221993738,-0.10165614722703539
drone_train_0235,235,train,-y-x-z,+x+y+z,60,1.354548,-0.087104775,0.0015091756,0.020265825,4.676097869230217,0.41918452531516665,-0.08608045261477916,0.008445202590922955
drone_train_0236,236,train,-x-y-z,+x+y+z,60,1.5106018,-0.15528838,0.0032411907,-0.006010994,4.666532029489939,0.41662458752793274,-0.11739279625107217,0.02706873706927945
drone_train_0237,237,train,-x-y-z,+x+y+z,60,1.5563288,-0.13914308,-0.0746374,-0.0052655167,4.640645978537661,0.42167715548699297,0.0052220718867251135,0.01770242385029754
drone_train_0238,238,train,-y-x-z,+y+x+z,13,1.0291295,-0.320163,0.23072451,-0.09004266,4.800723018709441,0.40601962580797735,-0.1595897848140755,0.003771152932886692
drone_train_0239,239,train,-y-x-z,-y+x+z,60,1.757314,-0.22094488,0.03735042,0.019725969,4.75131939141316,0.5810478168735169,-0.09883313510250219,0.06905189471535171
drone_train_0240,240,train,-y+x-z,+x+y+z,60,2.0227473,-0.24519333,-0.007684957,-0.01568187,4.780618374511331,0.6314752075128695,-0.032805868337668166,-0.02771778732658034
drone_train_0241,241,train,-y+x-z,+x+y+z,60,2.019596,-0.25616643,-0.00015171306,-0.005377261,4.789880215523084,0.6370436530322269,-0.11165834561787535,0.02715234443874154
drone_train_0242,242,train,-y-x-z,-y-x+z,21,1.280918,-0.5330923,0.014688867,-0.084029354,4.849699780851911,0.41740726391976435,-0.19692260757482646,-0.07888254886013828
drone_train_0243,243,train,-y+x-z,+x+y+z,60,2.2653883,-0.38786173,0.010186056,0.012869647,4.973991716644513,0.8498531814472444,-0.10009172628563101,0.004978428323905973
drone_train_0244,244,train,-x-y-z,+x+y+z,60,2.523342,-0.42928034,-0.10067685,-0.025931185,4.98797639714751,0.9019876101951598,-0.031838531460913755,0.04226671869313092
drone_train_0245,245,train,-x-y-z,+x+y+z,60,2.5553916,-0.45460245,-0.1252639,-0.030960599,5.015466347822202,0.9063412832671265,-0.012259006976196057,-0.006280705805802427
drone_train_0246,246,train,-y+x-z,+y+x+z,13,1.4918131,-0.297358,0.21735227,-0.037353285,5.020792835386046,0.5913001722025277,-0.4307082923911783,0.13711512620224908
drone_train_0247,247,train,-x-y-z,+x-y+z,60,2.8537364,-0.50312203,-0.017866867,0.016597573,5.330630437358927,1.2300950618473383,0.05903807777804711,0.07863677860000239
drone_train_0248,248,train,-x-y-z,+x+y+z,60,3.078652,-0.5642547,-0.1581147,-0.020686962,5.445523723655652,1.2914262395368867,0.06309918383567371,-0.03234624454851534
drone_train_0249,249,train,-x-y-z,-y-x+z,60,3.108467,-0.69428855,-0.14809118,-0.021974437,5.422838333422431,1.2804546396590588,0.1276862240738683,0.09350301405743569
drone_train_0250,250,train,+y-x-z,+x-y+z,13,0.9853875,0.12097707,0.5569093,-0.027548632,4.825977487558869,0.6014469403170194,-0.06415733216504234,-0.0472944907725037
drone_train_0251,251,train,-y-x-z,-x-y+z,60,0.291965,-0.03612305,0.032512378,0.015583298,4.574834688043542,0.11205450175145244,0.077161667031344,0.04173277019750033
drone_train_0252,252,train,+x-y-z,-x-y+z,60,0.25292543,-0.014190475,-0.07767724,0.0016378313,4.575033772667438,0.08796061356545144,0.06605355184043844,0.04393400412768476
drone_train_0253,253,train,-x+y-z,-x-y+z,60,0.25526708,-0.017128369,0.07498828,0.0056358706,4.576930401595735,0.08756035768707668,0.07509131895273155,0.031778956118229035
drone_train_0254,254,train,-x-y-z,-x-y+z,60,0.24605693,-0.031553045,-0.076848045,-0.005072844,4.582292602359068,0.08601681920607222,0.07498667314075859,0.03055854906735279
drone_train_0255,255,train,-y-x-z,-y-x+z,24,0.36859575,-0.020855559,0.15963526,-0.047821175,4.621789580180705,0.17784645099759938,0.09968373174377429,0.08794524253677709
drone_train_0256,256,train,-y-x-z,-y-x+z,60,0.51514864,-0.022579648,-0.050405435,0.010217474,4.582551888236543,0.16925603758437974,0.0686659838120504,0.054418575496063944
drone_train_0257,257,train,-x+y-z,-x-y+z,60,0.5032994,-0.049603846,-0.0021876933,0.011987303,4.578957802758277,0.1484658513479206,0.0815607640567702,0.01599547400365797
drone_train_0258,258,train,+x-y-z,-x-y+z,60,0.5617365,-0.10004859,-0.01422436,0.0034129652,4.584515903842839,0.15420206477821352,0.05302595244961488,0.051624035945879165
drone_train_0259,259,train,-x+y-z,-x-y+z,60,0.50363874,-0.048899643,-0.004876205,-0.018419133,4.580922743658385,0.14950910702151457,0.0973037949822896,0.027864663347269017
drone_train_0260,260,train,-y-x-z,-y-x+z,17,0.5308239,-0.104116075,0.28391343,-0.040917337,4.661691492693661,0.2690563004793838,0.0325508309486122,0.1270223745533405
drone_train_0261,261,train,-y-x-z,+x+y+z,60,1.3893361,-0.10500423,0.0054111634,0.019492893,4.64816592954249,0.4195937929176331,-0.06576737375779097,0.016363747194789235
drone_train_0262,262,train,-x-y-z,+x+y+z,60,1.5599205,-0.16099527,-0.05440833,-0.0016352434,4.678676440586354,0.4205723912977294,-0.1385437496615535,0.007936509658632228
drone_train_0263,263,train,-x-y-z,+x+y+z,60,1.5642709,-0.14940971,-0.006768959,-0.01798621,4.6518136637408185,0.43754933594123946,-0.03699331675148339,0.04059637800412414
drone_train_0264,264,train,-y-x-z,+x+y+z,60,2.2956393,-0.38502955,0.010564362,0.003719363,4.995528305612742,0.8817499172814295,-0.1321718642111858,0.013944126743660794
drone_train_0265,265,train,-x-y-z,+x-y+z,60,2.5574057,-0.44236842,-0.10494185,-0.022975454,5.014589939563514,0.9237734437493802,-0.06589196335866047,0.03734670591383595
drone_train_0266,266,train,-x-y-z,+x+y+z,60,2.6007915,-0.45532292,-0.17571053,-0.03543255,5.041826140891406,0.9347001154121899,-0.05657682689269738,7.748025998201531e-06
drone_train_0267,267,train,+x-y-z,+y+x+z,13,1.4338677,-0.5664301,0.3927339,-0.047008753,4.995350557701727,0.593263999080903,-0.21644443301487765,-0.1262369702822454
drone_train_0268,268,train,-y-x-z,+x-y+z,60,2.759112,-0.5211086,-0.12367371,0.00025797525,5.382390520936499,1.2097384074112585,-0.11738226568459019,0.062104953259415195
drone_train_0269,269,train,-y-x-z,+x-y+z,60,3.1041427,-0.49559408,-0.17648984,-0.030827997,5.493737386323239,1.2931103942926607,-0.07582433987146942,-0.048515117111764997
drone_train_0270,270,train,-x-y-z,+x-y+z,60,3.128097,-0.45985222,-0.22341411,-0.008967872,5.534514106309314,1.29952904784766,-0.15615889406598096,-0.053222808757748374
drone_train_0271,271,train,-y-x-z,-y+x+z,17,1.4981025,-0.038485445,0.37312338,-0.087946944,5.106997308175704,0.8091437081536801,0.008950010611986846,0.20370196464835522
drone_train_0272,272,train,-y-x-z,-y-x+z,60,0.31146318,0.08368172,-0.035872985,0.007942727,4.555578968725021,0.20060136547789947,0.040548193638671896,0.04649679342392286
drone_train_0273,273,train,+y+x-z,-x-y+z,60,0.36377758,-0.05044932,0.03233418,0.0013957939,4.556640022206224,0.12477405163040736,-0.003416140763690076,0.07669676301408686
drone_train_0274,274,train,-y-x-z,+y+x+z,60,0.32337457,0.07461192,0.02496272,-0.0006426597,4.563976915500993,0.1905695773128787,0.008266623359064851,0.0571686313785655
drone_train_0275,275,train,-y-x-z,+x-y+z,23,0.37185377,0.030242052,0.16651376,-0.027610412,4.616909061207052,0.17749442039771737,0.0692295107205862,0.07273230617677326
drone_train_0276,276,train,+x-y-z,-x-y+z,60,1.1909324,0.12956613,-0.031445984,0.009756766,4.612929417499986,0.4683094062411586,0.017827430481808428,0.08939599117349441
drone_train_0277,277,train,-y+x-z,-x+y+z,60,1.3735093,0.07282976,0.08905818,0.0008882904,4.625919533491912,0.4987938000724471,0.03998365883488168,0.02914272070979496
drone_train_0278,278,train,-y+x-z,-x-y+z,60,1.3945137,0.058582347,0.022558108,0.0016026894,4.6200973765561555,0.5054831767676016,0.0014351046855269184,0.11009200185090473
drone_train_0279,279,train,-y-x-z,-x+y+z,14,0.8822983,0.3845773,-0.009823065,-0.055006772,4.74060350062671,0.43930526019281374,0.0038135626702651064,-0.04654089575521971
drone_train_0280,280,train,-y+x-z,-x+y+z,60,1.8725772,0.16482675,-0.017998228,0.01274694,4.828263369341635,0.7601719965478171,0.10300112405514665,0.025683563159895128
drone_train_0281,281,train,-y+x-z,-x-y+z,60,2.0850756,0.06337415,0.080042504,0.0070295627,4.866509282508253,0.8053238215017633,0.059099777018661065,0.08677767879700453
drone_train_0282,282,train,-y+x-z,-x-y+z,60,2.0544047,0.116383344,0.008293312,-0.0038279484,4.878038857849373,0.808125330099834,0.023765848374613065,0.03674886505751359
drone_train_0283,283,train,-y+x-z,-x-y+z,60,2.0696757,0.13802612,0.03508736,0.00015099414,4.860715101003104,0.8028531295248473,0.1278202042588467,0.028525147563569286
drone_train_0284,284,train,+y-x-z,+y-x+z,23,0.6004986,-0.08030187,0.031598397,-0.05813339,4.66941892477577,0.37171500632747606,0.03134339724182822,-0.004387041032310897
drone_train_0285,285,train,+x+y-z,-x-y+z,60,2.4174387,0.07979099,0.025934486,0.006635836,5.293115708581257,1.224440371380142,0.05939712278072693,0.09715126936048546
drone_train_0286,286,train,+x+y-z,-x-y+z,60,2.73192,0.08728887,-0.008703038,-0.009152797,5.432222759316904,1.31306231339819,0.020987157115640004,0.04026904163576546
drone_train_0287,287,train,+y+x-z,+y-x+z,60,2.7482367,2.734375e-05,0.06877564,0.0012239383,5.419440105261357,1.3227261581110876,0.004523076042751199,0.03573861512017902
drone_train_0288,288,train,+x+y-z,-x-y+z,18,1.2273769,0.56117785,0.023541478,-0.05750462,4.867547187711799,0.709012334392127,-0.08405378900721104,0.16226764787552672
drone_val_0000,0,val,+x+y+z,+x+y+z,44,0.6796618,0.26947063,-0.1869689,0.1859708,5.355656665387296,0.16337733960592188,-3.5067874396238476,0.1115337923026387
drone_val_0001,1,val,+x+y+z,+x+y+z,25,1.063385,0.18715304,0.062058296,0.10943463,5.389701267671502,0.16183553977391146,-3.351532127915077,-0.05761486233329599
drone_val_0002,2,val,+x+y+z,+x+y+z,20,0.8765549,-0.24317656,-0.21664926,-0.21677467,5.423018398896738,0.18024278849722725,-3.272923503943363,-0.020972923998255618
drone_val_0003,3,val,+x+y+z,+x+y+z,60,0.8008312,0.37531498,0.16498849,0.16258353,5.4145950187988365,0.4209342747717576,-3.2071429802067577,-0.018926834559688965
drone_val_0004,4,val,+x+y+z,+x+y+z,54,0.6940409,0.18058158,0.17243855,0.045055736,5.430081181887446,0.47245776671249495,-3.2117143812961997,-0.037972569547655405
drone_val_0005,5,val,+x+y+z,+x-z-y,21,5.963808,2.843079,-1.878842,4.2537374,6.435148727880559,0.7154516508520818,-7.770064881479663,0.4841152293185655
drone_val_0006,6,val,+x+y+z,+x-y+z,21,5.9645724,4.8026433,-2.377692,0.9980866,6.231470694095095,0.7530684485603852,-1.1254387791693004,0.6658704803279815
drone_val_0007,7,val,+x+y+z,-z-y-x,40,2.7485528,1.5659078,-0.9814972,1.8465949,5.29814216411313,0.33738382494722974,-6.255882241856075,-0.3765016732299095
drone_val_0008,8,val,+x+y+z,+x-y+z,40,2.7485611,2.420866,-0.96313494,0.19269729,4.941993057920277,0.31669942003213347,-0.45069156135586247,0.24301080431573552
drone_val_0009,9,val,-y-x-z,-y-x+z,60,3.0514743,-0.016110703,1.5054013,0.26702967,4.539209423086103,0.3557977960537278,-0.05635143345901118,0.05004155418120596
drone_val_0010,10,val,-y-x-z,-y-x+z,60,3.6102078,-0.058178008,1.9444661,0.31088257,4.53110713510884,0.3817120754833239,0.054554266666062785,0.08287157614464134
drone_val_0011,11,val,-y-x-z,-y-x+z,48,2.5935528,-0.046084594,1.4164984,0.19363077,4.516155863328135,0.3417277908081226,-0.05824505950458555,0.07480010449930444
drone_val_0012,12,val,-y-x-z,-y-x+z,60,1.7024401,-0.059864543,0.008616801,-0.028259153,4.893625263723504,0.4136457812033893,0.14059667328734243,0.06679765190640759
drone_val_0013,13,val,-y-x-z,-y-x+z,60,1.6663057,-0.036765177,0.01078627,0.0013530502,4.7161693466664785,0.24429651322066745,0.12241936264523247,0.020996451686591134
drone_val_0014,14,val,-y-x-z,-y-x+z,60,1.856639,-0.062489115,-0.022801401,-0.040930055,4.891747154102314,0.382249692133281,0.13358918886249224,-0.0018427587311095218
drone_val_0015,15,val,-y-x-z,-y-x+z,23,1.1166515,-0.06998048,0.20973098,-0.14501812,4.707610703383197,0.24234860098337227,0.19552363620362975,0.05282435645989198
drone_val_0016,16,val,-y-x-z,+y-x+z,60,0.9666158,0.04554825,0.13051763,0.018391207,4.597132939264678,0.45850578558023314,0.015398048289724709,0.08175553899181098
drone_val_0017,17,val,-x-y-z,+y-x+z,60,1.0943153,0.078445956,0.17659292,0.009651564,4.597161712652318,0.46210242828566345,0.01915442995195432,0.049212009613732635
drone_val_0018,18,val,-x-y-z,-x+y+z,60,1.0584872,0.14106104,0.06349823,0.0012566163,4.592031254229035,0.470663180976104,0.011190976364842148,0.07455714939570407
drone_val_0019,19,val,-y-x-z,-y-x+z,19,0.7760197,-0.12080652,0.49093515,-0.013099835,4.686562731652183,0.458691381246251,0.034538657405993406,0.10661413378306263
drone_val_0020,20,val,-y-x-z,-y-x+z,60,3.9479346,-0.050246008,2.0157855,0.42385888,4.70445615469653,0.46589465884724424,2.4138388048868363e-05,-0.03145430909634221
drone_val_0021,21,val,-y-x-z,-y-x+z,60,4.3382435,-0.16236848,2.3053136,0.40537143,4.740768382230563,0.4965363657183384,-0.0961684851878827,0.13209116281802805
drone_val_0022,22,val,-y-x-z,-y-x+z,43,3.217091,-0.06987514,1.7448583,0.28619957,4.725993716626245,0.5018698272256568,0.0695583780067539,-0.02142102786982901
drone_val_0023,23,val,-y-x-z,-y-x+z,60,2.1988025,-0.31966144,0.008039022,-0.05383867,5.309650951428529,0.7321270712904042,-0.009363910380367694,0.17255405236379132
drone_val_0024,24,val,-y-x-z,-y-x+z,60,2.310466,-0.35137504,0.09495097,-0.07056928,5.31016562713669,0.7202691700801777,-0.03412402372897123,0.1690147477661485
drone_val_0025,25,val,-y-x-z,-y-x+z,60,2.3019955,-0.38154623,0.09319375,-0.06979935,5.308754511545921,0.7290226617230902,-0.033773206160116385,0.168805887739533
drone_val_0026,26,val,-y-x-z,+x+y+z,60,0.95479995,-0.0012431233,-0.282775,-0.004428779,4.615879726790964,0.3357892830471492,-0.028866652776888106,0.013297358072220655
drone_val_0027,27,val,+y-x-z,+x+y+z,60,1.0331838,0.010529195,-0.21595195,-0.015591985,4.590166859909434,0.27373183416454505,0.00556998071355891,0.042475527352874756
drone_val_0028,28,val,-y-x-z,-x-y+z,19,0.76733273,-0.16285421,-0.08639474,-0.02989686,4.685207369759722,0.39471107888611273,-0.05783396787518622,0.04622993077356408
drone_val_0029,29,val,-y-x-z,-y-x+z,60,0.3221762,-0.09324183,0.0017100271,0.011845802,4.566827541480764,0.13238698279161723,0.020881574857872388,0.06736062164166992
drone_val_0030,30,val,-x+y-z,-x-y+z,60,0.34342867,0.028769266,-0.025879566,-0.0012044102,4.574534728252006,0.10953185300571829,-0.012946545402494848,0.06007861733430404
drone_val_0031,31,val,+y+x-z,-x-y+z,60,0.3478684,-0.06357415,-0.03680127,0.00022025553,4.566293806250575,0.10004525354343406,-0.001874436624974199,0.09212390568251472
drone_val_0032,32,val,-y-x-z,-y+x+z,19,0.3047263,-0.021445666,0.15219355,-0.030109735,4.662658573895154,0.25528193683161937,0.0134539414046388,0.01228431555845767
drone_val_0033,33,val,-y-x-z,-x-y+z,60,0.27363607,-0.0849525,-0.14638732,0.007244872,4.604268318244857,0.10194710504029661,-0.044122714998021555,0.01799560452900073
drone_val_0034,34,val,+y+x-z,-x-y+z,60,0.26317626,0.120473675,-0.11504767,-0.003926511,4.598175825888597,0.07274663079696406,-0.043864834583579905,0.026584284099047353
drone_val_0035,35,val,-y-x-z,-x-y+z,38,0.2775264,-0.07905102,0.07626066,-0.016355747,4.616568991958511,0.1670766089079645,0.011358533018565459,0.009848924398259365
drone_val_0036,36,val,-y+x-z,+x-y+z,60,2.078231,-0.3127898,-0.5837235,-0.017395966,4.825693584269759,0.5944921067672041,0.07127855055641855,0.025192935576384117
drone_val_0037,37,val,-y+x-z,+x-y+z,60,2.3163712,-0.27098686,-0.62198895,-0.076440066,4.849926647624457,0.6417307239985185,0.18493416938734664,-0.008139963987010257
drone_val_0038,38,val,-y+x-z,+y+x+z,60,2.3337421,-0.34585848,-0.61645335,-0.023808021,4.865100021106332,0.6495164624904773,0.046538014734319705,0.03126257251015629
drone_val_0039,39,val,-y-x-z,-y+x+z,18,1.3132876,-0.29250994,0.09649116,-0.11347433,4.691737954138596,0.3415498679947808,0.14139543935677856,-0.09505157880089177
drone_val_0040,40,val,-y-x-z,+x+y+z,60,0.8990433,-0.061890483,-0.017127443,0.017558329,4.638157655459495,0.2679925274020533,-0.1453960253210947,0.029263744308029346
drone_val_0041,41,val,-x-y-z,+x+y+z,60,1.0319982,-0.082970284,-0.050717585,-0.0026206265,4.613711372412366,0.26458674431825346,-0.05075532299489593,-0.00592312940367871
drone_val_0042,42,val,+y+x-z,+x+y+z,60,1.0126166,-0.06855693,-0.01654247,-0.0011042679,4.615766044844984,0.2716241350337099,-0.04667674129194764,-0.010857108893945528
drone_val_0043,43,val,-y-x-z,-y-x+z,18,0.8807973,-0.35901496,0.303699,-0.08749951,4.725044095183564,0.3224496588066017,-0.2502063606416646,0.17661502716734434
drone_val_0044,44,val,-y-x-z,+x+y+z,60,0.9399449,-0.0551115,-0.037729982,0.024651667,4.618194908839871,0.2971379068156782,-0.1381442070273162,0.023205950518372445
drone_val_0045,45,val,+y-x-z,+x+y+z,60,1.0356783,-0.072817296,-0.03903333,0.0039882534,4.595788754063385,0.26861359877245783,-0.03951798039188861,-0.009909842840057536
drone_val_0046,46,val,-x-y-z,+x+y+z,60,1.0320861,-0.08625348,0.015959097,-0.0052442197,4.59459475045128,0.2711817281008955,-0.03471632490409229,0.0014525590871965809
drone_val_0047,47,val,-y-x-z,-y-x+z,17,0.9050397,-0.4324988,0.24020833,-0.12362357,4.8209509574956435,0.2913775175210704,-0.34682673602751474,0.11854129843035859
